k,"E+(t1=1.0,t2=0.5)","E-(t1=1.0,t2=0.5)","E+(t1=0.5,t2=1.0)","E-(t1=0.5,t2=1.0)"
-3.141592653589793,0.5,-0.5,0.5,-0.5
-3.125845321992852,0.5001239712951299,-0.5001239712951299,0.5001239712951299,-0.5001239712951299
-3.1100979903959103,0.5004956702216928,-0.5004956702216928,0.500495670221693,-0.500495670221693
-3.094350658798969,0.5011144535048019,-0.5011144535048019,0.5011144535048019,-0.5011144535048019
-3.078603327202028,0.5019792543297636,-0.5019792543297636,0.5019792543297636,-0.5019792543297636
-3.0628559956050867,0.5030885902083574,-0.5030885902083574,0.5030885902083575,-0.5030885902083575
-3.047108664008145,0.5044405737970693,-0.5044405737970693,0.5044405737970692,-0.5044405737970692
-3.031361332411204,0.5060329264801358,-0.5060329264801358,0.5060329264801359,-0.5060329264801359
-3.0156140008142627,0.5078629944869619,-0.5078629944869619,0.5078629944869618,-0.5078629944869618
-2.9998666692173215,0.5099277672771131,-0.5099277672771131,0.5099277672771132,-0.5099277672771132
-2.98411933762038,0.5122238978975118,-0.5122238978975118,0.5122238978975118,-0.5122238978975118
-2.9683720060234386,0.514747724996151,-0.514747724996151,0.514747724996151,-0.514747724996151
-2.9526246744264975,0.5174952961647329,-0.5174952961647329,0.5174952961647329,-0.5174952961647329
-2.936877342829556,0.5204623922789551,-0.5204623922789551,0.520462392278955,-0.520462392278955
-2.9211300112326146,0.5236445525092038,-0.5236445525092038,0.5236445525092039,-0.5236445525092039
-2.9053826796356734,0.5270370996854676,-0.5270370996854676,0.5270370996854676,-0.5270370996854676
-2.8896353480387322,0.5306351657173939,-0.5306351657173939,0.5306351657173939,-0.5306351657173939
-2.8738880164417906,0.5344337167925719,-0.5344337167925719,0.534433716792572,-0.534433716792572
-2.8581406848448494,0.5384275781021692,-0.5384275781021692,0.538427578102169,-0.538427578102169
-2.842393353247908,0.5426114578718914,-0.5426114578718914,0.5426114578718912,-0.5426114578718912
-2.8266460216509666,0.5469799705067553,-0.5469799705067553,0.5469799705067553,-0.5469799705067553
-2.8108986900540254,0.5515276586893584,-0.5515276586893584,0.5515276586893584,-0.5515276586893584
-2.795151358457084,0.5562490143023054,-0.5562490143023054,0.5562490143023054,-0.5562490143023054
-2.779404026860143,0.5611384980754272,-0.5611384980754272,0.561138498075427,-0.561138498075427
-2.7636566952632013,0.5661905578867723,-0.5661905578867723,0.5661905578867721,-0.5661905578867721
-2.74790936366626,0.571399645672597,-0.571399645672597,0.5713996456725972,-0.5713996456725972
-2.732162032069319,0.576760232925356,-0.576760232925356,0.5767602329253559,-0.5767602329253559
-2.7164147004723773,0.5822668247797907,-0.5822668247797907,0.5822668247797907,-0.5822668247797907
-2.700667368875436,0.5879139727055502,-0.5879139727055502,0.5879139727055503,-0.5879139727055503
-2.684920037278495,0.5936962858402989,-0.5936962858402989,0.5936962858402989,-0.5936962858402989
-2.6691727056815537,0.599608441010094,-0.599608441010094,0.599608441010094,-0.599608441010094
-2.653425374084612,0.6056451914940714,-0.6056451914940714,0.6056451914940715,-0.6056451914940715
-2.637678042487671,0.6118013745983244,-0.6118013745983244,0.6118013745983245,-0.6118013745983245
-2.6219307108907297,0.618071918109565,-0.618071918109565,0.6180719181095651,-0.6180719181095651
-2.606183379293788,0.6244518457028903,-0.6244518457028903,0.6244518457028903,-0.6244518457028903
-2.590436047696847,0.6309362813800401,-0.6309362813800401,0.6309362813800399,-0.6309362813800399
-2.5746887160999057,0.6375204530151305,-0.6375204530151305,0.6375204530151306,-0.6375204530151306
-2.5589413845029645,0.6441996950842165,-0.6441996950842165,0.6441996950842165,-0.6441996950842165
-2.543194052906023,0.6509694506534122,-0.6509694506534122,0.6509694506534122,-0.6509694506534122
-2.5274467213090817,0.6578252726978662,-0.6578252726978662,0.6578252726978663,-0.6578252726978663
-2.5116993897121405,0.6647628248208307,-0.6647628248208307,0.6647628248208308,-0.6647628248208308
-2.495952058115199,0.6717778814385468,-0.6717778814385468,0.6717778814385468,-0.6717778814385468
-2.4802047265182576,0.6788663274928332,-0.6788663274928332,0.678866327492833,-0.678866327492833
-2.4644573949213164,0.6860241577492329,-0.6860241577492329,0.6860241577492326,-0.6860241577492326
-2.4487100633243752,0.6932474757344282,-0.6932474757344282,0.6932474757344282,-0.6932474757344282
-2.4329627317274336,0.7005324923624967,-0.7005324923624967,0.7005324923624967,-0.7005324923624967
-2.4172154001304924,0.7078755242954703,-0.7078755242954703,0.7078755242954704,-0.7078755242954704
-2.401468068533551,0.7152729920796916,-0.7152729920796916,0.7152729920796915,-0.7152729920796915
-2.3857207369366096,0.7227214180955993,-0.7227214180955993,0.7227214180955993,-0.7227214180955993
-2.3699734053396684,0.7302174243549308,-0.7302174243549308,0.7302174243549308,-0.7302174243549308
-2.354226073742727,0.7377577301758642,-0.7377577301758642,0.7377577301758642,-0.7377577301758642
-2.338478742145786,0.7453391497633755,-0.7453391497633755,0.7453391497633755,-0.7453391497633755
-2.322731410548845,0.7529585897190614,-0.7529585897190614,0.7529585897190614,-0.7529585897190614
-2.306984078951903,0.7606130465018853,-0.7606130465018853,0.7606130465018852,-0.7606130465018852
-2.291236747354962,0.7682996038587114,-0.7682996038587114,0.7682996038587113,-0.7682996038587113
-2.2754894157580203,0.7760154302411423,-0.7760154302411423,0.7760154302411423,-0.7760154302411423
-2.259742084161079,0.7837577762230064,-0.7837577762230064,0.7837577762230064,-0.7837577762230064
-2.243994752564138,0.791523971930899,-0.791523971930899,0.7915239719308991,-0.7915239719308991
-2.2282474209671967,0.799311424498397,-0.799311424498397,0.799311424498397,-0.799311424498397
-2.2125000893702556,0.8071176155529886,-0.8071176155529886,0.8071176155529884,-0.8071176155529884
-2.196752757773314,0.814940098743322,-0.814940098743322,0.814940098743322,-0.814940098743322
-2.1810054261763727,0.8227764973131048,-0.8227764973131048,0.8227764973131046,-0.8227764973131046
-2.165258094579431,0.830624501726855,-0.830624501726855,0.830624501726855,-0.830624501726855
-2.14951076298249,0.8384818673516877,-0.8384818673516877,0.8384818673516877,-0.8384818673516877
-2.1337634313855487,0.8463464121984489,-0.8463464121984489,0.8463464121984489,-0.8463464121984489
-2.1180160997886075,0.8542160147247092,-0.8542160147247092,0.8542160147247093,-0.8542160147247093
-2.1022687681916663,0.8620886117014654,-0.8620886117014654,0.8620886117014653,-0.8620886117014653
-2.0865214365947247,0.8699621961447833,-0.8699621961447833,0.8699621961447834,-0.8699621961447834
-2.0707741049977835,0.8778348153131134,-0.8778348153131134,0.8778348153131132,-0.8778348153131132
-2.055026773400842,0.8857045687705563,-0.8857045687705563,0.8857045687705565,-0.8857045687705565
-2.0392794418039006,0.8935696065159731,-0.8935696065159731,0.8935696065159731,-0.8935696065159731
-2.0235321102069594,0.9014281271775131,-0.9014281271775131,0.901428127177513,-0.901428127177513
-2.0077847786100183,0.9092783762718516,-0.9092783762718516,0.9092783762718516,-0.9092783762718516
-1.9920374470130768,0.9171186445272015,-0.9171186445272015,0.9171186445272016,-0.9171186445272016
-1.9762901154161354,0.9249472662689664,-0.9249472662689664,0.9249472662689662,-0.9249472662689662
-1.9605427838191942,0.9327626178667539,-0.9327626178667539,0.932762617866754,-0.932762617866754
-1.9447954522222528,0.9405631162413318,-0.9405631162413318,0.9405631162413319,-0.9405631162413319
-1.9290481206253116,0.9483472174300116,-0.9483472174300116,0.9483472174300115,-0.9483472174300115
-1.9133007890283702,0.9561134152088745,-0.9561134152088745,0.9561134152088744,-0.9561134152088744
-1.897553457431429,0.9638602397701869,-0.9638602397701869,0.9638602397701869,-0.9638602397701869
-1.8818061258344876,0.9715862564533231,-0.9715862564533231,0.9715862564533231,-0.9715862564533231
-1.8660587942375462,0.97929006452748,-0.97929006452748,0.9792900645274798,-0.9792900645274798
-1.850311462640605,0.9869702960244675,-0.9869702960244675,0.9869702960244675,-0.9869702960244675
-1.8345641310436636,0.9946256146198499,-0.9946256146198499,0.9946256146198499,-0.9946256146198499
-1.8188167994467224,1.0022547145607252,-1.0022547145607252,1.0022547145607252,-1.0022547145607252
-1.803069467849781,1.0098563196384502,-1.0098563196384502,1.00985631963845,-1.00985631963845
-1.7873221362528398,1.0174291822046369,-1.0174291822046369,1.0174291822046369,-1.0174291822046369
-1.7715748046558983,1.0249720822287836,-1.0249720822287836,1.0249720822287833,-1.0249720822287833
-1.755827473058957,1.0324838263959244,-1.0324838263959244,1.0324838263959246,-1.0324838263959246
-1.7400801414620157,1.039963247242737,-1.039963247242737,1.039963247242737,-1.039963247242737
-1.7243328098650743,1.0474092023305668,-1.0474092023305668,1.0474092023305668,-1.0474092023305668
-1.7085854782681331,1.0548205734538894,-1.0548205734538894,1.0548205734538894,-1.0548205734538894
-1.6928381466711917,1.0621962658827595,-1.0621962658827595,1.0621962658827595,-1.0621962658827595
-1.6770908150742505,1.0695352076378515,-1.0695352076378515,1.0695352076378513,-1.0695352076378513
-1.661343483477309,1.0768363487967356,-1.0768363487967356,1.0768363487967356,-1.0768363487967356
-1.645596151880368,1.084098660830081,-1.084098660830081,1.0840986608300813,-1.0840986608300813
-1.6298488202834265,1.09132113596653,-1.09132113596653,1.09132113596653,-1.09132113596653
-1.614101488686485,1.0985027865850132,-1.0985027865850132,1.0985027865850132,-1.0985027865850132
-1.5983541570895439,1.1056426446333545,-1.1056426446333545,1.1056426446333545,-1.1056426446333545
-1.5826068254926025,1.11273976107202,-1.11273976107202,1.1127397610720198,-1.1127397610720198
-1.5668594938956613,1.1197932053419395,-1.1197932053419395,1.1197932053419395,-1.1197932053419395
-1.5511121622987198,1.1268020648553592,-1.1268020648553592,1.1268020648553592,-1.1268020648553592
-1.5353648307017786,1.1337654445087193,-1.1337654445087193,1.1337654445087193,-1.1337654445087193
-1.5196174991048372,1.1406824662166126,-1.1406824662166126,1.1406824662166124,-1.1406824662166124
-1.503870167507896,1.1475522684658905,-1.1475522684658905,1.1475522684658905,-1.1475522684658905
-1.4881228359109546,1.15437400588905,-1.15437400588905,1.15437400588905,-1.15437400588905
-1.4723755043140132,1.1611468488560484,-1.1611468488560484,1.1611468488560484,-1.1611468488560484
-1.456628172717072,1.1678699830837453,-1.1678699830837453,1.1678699830837453,-1.1678699830837453
-1.4408808411201306,1.1745426092621982,-1.1745426092621982,1.1745426092621982,-1.1745426092621982
-1.4251335095231894,1.1811639426970668,-1.1811639426970668,1.1811639426970666,-1.1811639426970666
-1.409386177926248,1.18773321296743,-1.18773321296743,1.18773321296743,-1.18773321296743
-1.3936388463293068,1.1942496635983288,-1.1942496635983288,1.1942496635983288,-1.1942496635983288
-1.3778915147323654,1.2007125517473942,-1.2007125517473942,1.2007125517473942,-1.2007125517473942
-1.362144183135424,1.2071211479049397,-1.2071211479049397,1.20712114790494,-1.20712114790494
-1.3463968515384828,1.2134747356069324,-1.2134747356069324,1.2134747356069324,-1.2134747356069324
-1.3306495199415413,1.2197726111602694,-1.2197726111602694,1.2197726111602694,-1.2197726111602694
-1.3149021883446002,1.226014083379829,-1.226014083379829,1.2260140833798288,-1.2260140833798288
-1.2991548567476587,1.2321984733367775,-1.2321984733367775,1.2321984733367775,-1.2321984733367775
-1.2834075251507175,1.2383251141176372,-1.2383251141176372,1.2383251141176372,-1.2383251141176372
-1.2676601935537761,1.2443933505936517,-1.2443933505936517,1.2443933505936517,-1.2443933505936517
-1.2519128619568347,1.2504025391999896,-1.2504025391999896,1.2504025391999896,-1.2504025391999896
-1.2361655303598935,1.2563520477243695,-1.2563520477243695,1.2563520477243695,-1.2563520477243695
-1.220418198762952,1.262241255104687,-1.262241255104687,1.262241255104687,-1.262241255104687
-1.204670867166011,1.2680695512352544,-1.2680695512352544,1.2680695512352547,-1.2680695512352547
-1.1889235355690695,1.2738363367812848,-1.2738363367812848,1.273836336781285,-1.273836336781285
-1.1731762039721283,1.2795410230012552,-1.2795410230012552,1.2795410230012552,-1.2795410230012552
-1.1574288723751869,1.2851830315768136,-1.2851830315768136,1.2851830315768138,-1.2851830315768138
-1.1416815407782457,1.2907617944499044,-1.2907617944499044,1.2907617944499044,-1.2907617944499044
-1.1259342091813043,1.2962767536667952,-1.2962767536667952,1.296276753666795,-1.296276753666795
-1.110186877584363,1.301727361228716,-1.301727361228716,1.3017273612287157,-1.3017273612287157
-1.0944395459874214,1.3071130789488208,-1.3071130789488208,1.3071130789488208,-1.3071130789488208
-1.0786922143904802,1.312433378315204,-1.312433378315204,1.312433378315204,-1.312433378315204
-1.062944882793539,1.3176877403597111,-1.3176877403597111,1.317687740359711,-1.317687740359711
-1.0471975511965979,1.3228756555322954,-1.3228756555322954,1.3228756555322951,-1.3228756555322951
-1.0314502195996562,1.327996623580688,-1.327996623580688,1.327996623580688,-1.327996623580688
-1.015702888002715,1.3330501534351507,-1.3330501534351507,1.3330501534351507,-1.3330501534351507
-0.9999555564057738,1.338035763098101,-1.338035763098101,1.3380357630981012,-1.3380357630981012
-0.9842082248088322,1.3429529795383977,-1.3429529795383977,1.3429529795383974,-1.3429529795383974
-0.968460893211891,1.3478013385900913,-1.3478013385900913,1.3478013385900913,-1.3478013385900913
-0.9527135616149498,1.3525803848554607,-1.3525803848554607,1.3525803848554607,-1.3525803848554607
-0.9369662300180086,1.3572896716121359,-1.3572896716121359,1.3572896716121359,-1.3572896716121359
-0.921218898421067,1.3619287607241568,-1.3619287607241568,1.3619287607241568,-1.3619287607241568
-0.9054715668241258,1.3664972225567875,-1.3664972225567875,1.3664972225567877,-1.3664972225567877
-0.8897242352271846,1.37099463589494,-1.37099463589494,1.3709946358949403,-1.3709946358949403
-0.8739769036302434,1.375420587865047,-1.375420587865047,1.375420587865047,-1.375420587865047
-0.8582295720333017,1.3797746738602497,-1.3797746738602497,1.3797746738602499,-1.3797746738602499
-0.8424822404363606,1.384056497468758,-1.384056497468758,1.384056497468758,-1.384056497468758
-0.8267349088394194,1.3882656704052512,-1.3882656704052512,1.388265670405251,-1.388265670405251
-0.8109875772424777,1.3924018124451978,-1.3924018124451978,1.3924018124451976,-1.3924018124451976
-0.7952402456455365,1.3964645513619705,-1.3964645513619705,1.3964645513619707,-1.3964645513619707
-0.7794929140485953,1.4004535228666446,-1.4004535228666446,1.4004535228666446,-1.4004535228666446
-0.7637455824516541,1.4043683705503665,-1.4043683705503665,1.4043683705503665,-1.4043683705503665
-0.7479982508547125,1.4082087458291923,-1.4082087458291923,1.4082087458291923,-1.4082087458291923
-0.7322509192577713,1.411974307891291,-1.411974307891291,1.4119743078912907,-1.4119743078912907
-0.7165035876608301,1.4156647236464206,-1.4156647236464206,1.4156647236464204,-1.4156647236464204
-0.7007562560638885,1.4192796676775834,-1.4192796676775834,1.4192796676775834,-1.4192796676775834
-0.6850089244669473,1.4228188221947724,-1.4228188221947724,1.4228188221947724,-1.4228188221947724
-0.6692615928700061,1.4262818769907253,-1.4262818769907253,1.4262818769907253,-1.4262818769907253
-0.6535142612730649,1.429668529398608,-1.429668529398608,1.4296685293986078,-1.4296685293986078
-0.6377669296761233,1.4329784842515472,-1.4329784842515472,1.432978484251547,-1.432978484251547
-0.6220195980791821,1.4362114538439423,-1.4362114538439423,1.4362114538439423,-1.4362114538439423
-0.6062722664822409,1.4393671578944842,-1.4393671578944842,1.439367157894484,-1.439367157894484
-0.5905249348852992,1.4424453235108163,-1.4424453235108163,1.4424453235108163,-1.4424453235108163
-0.574777603288358,1.4454456851557693,-1.4454456851557693,1.4454456851557693,-1.4454456851557693
-0.5590302716914168,1.448367984615117,-1.448367984615117,1.448367984615117,-1.448367984615117
-0.5432829400944756,1.4512119709667848,-1.4512119709667848,1.4512119709667846,-1.4512119709667846
-0.527535608497534,1.4539774005514625,-1.4539774005514625,1.4539774005514625,-1.4539774005514625
-0.5117882769005928,1.4566640369445654,-1.4566640369445654,1.4566640369445654,-1.4566640369445654
-0.4960409453036516,1.4592716509294934,-1.4592716509294934,1.4592716509294932,-1.4592716509294932
-0.48029361370671,1.4618000204721382,-1.4618000204721382,1.4618000204721382,-1.4618000204721382
-0.4645462821097688,1.4642489306965962,-1.4642489306965962,1.464248930696596,-1.464248930696596
-0.4487989505128276,1.466618173862038,-1.466618173862038,1.4666181738620379,-1.4666181738620379
-0.4330516189158864,1.4689075493406976,-1.4689075493406976,1.4689075493406973,-1.4689075493406973
-0.41730428731894476,1.4711168635969363,-1.4711168635969363,1.4711168635969365,-1.4711168635969365
-0.40155695572200356,1.4732459301673497,-1.4732459301673497,1.4732459301673497,-1.4732459301673497
-0.38580962412506237,1.475294569641874,-1.475294569641874,1.4752945696418738,-1.4752945696418738
-0.37006229252812073,1.4772626096458619,-1.4772626096458619,1.4772626096458619,-1.4772626096458619
-0.35431496093117953,1.4791498848230984,-1.4791498848230984,1.4791498848230984,-1.4791498848230984
-0.33856762933423834,1.4809562368197176,-1.4809562368197176,1.4809562368197173,-1.4809562368197173
-0.32282029773729715,1.4826815142689969,-1.4826815142689969,1.4826815142689966,-1.4826815142689966
-0.3070729661403555,1.484325572777,-1.484325572777,1.4843255727770002,-1.4843255727770002
-0.2913256345434143,1.4858882749090427,-1.4858882749090427,1.4858882749090425,-1.4858882749090425
-0.2755783029464731,1.4873694901769536,-1.4873694901769536,1.4873694901769534,-1.4873694901769534
-0.2598309713495319,1.4887690950271106,-1.4887690950271106,1.4887690950271109,-1.4887690950271109
-0.2440836397525903,1.4900869728292319,-1.4900869728292319,1.4900869728292316,-1.4900869728292316
-0.2283363081556491,1.491323013865892,-1.491323013865892,1.4913230138658917,-1.4913230138658917
-0.2125889765587079,1.492477115322757,-1.492477115322757,1.4924771153227572,-1.4924771153227572
-0.19684164496176626,1.4935491812795132,-1.4935491812795132,1.4935491812795132,-1.4935491812795132
-0.18109431336482507,1.4945391227014693,-1.4945391227014693,1.4945391227014693,-1.4945391227014693
-0.16534698176788387,1.4954468574318254,-1.4954468574318254,1.4954468574318254,-1.4954468574318254
-0.14959965017094268,1.4962723101845894,-1.4962723101845894,1.4962723101845894,-1.4962723101845894
-0.13385231857400104,1.4970154125381285,-1.4970154125381285,1.4970154125381285,-1.4970154125381285
-0.11810498697705984,1.497676102929343,-1.497676102929343,1.4976761029293433,-1.4976761029293433
-0.10235765538011865,1.4982543266484543,-1.4982543266484543,1.4982543266484545,-1.4982543266484545
-0.08661032378317701,1.4987500358343964,-1.4987500358343964,1.498750035834396,-1.498750035834396
-0.07086299218623582,1.499163189470798,-1.499163189470798,1.499163189470798,-1.499163189470798
-0.055115660589294624,1.4994937533825594,-1.4994937533825594,1.4994937533825594,-1.4994937533825594
-0.03936832899235343,1.499741700233002,-1.499741700233002,1.499741700233002,-1.499741700233002
-0.02362099739541179,1.4999070095215994,-1.4999070095215994,1.4999070095215994,-1.4999070095215994
-0.007873665798470597,1.4999896675822755,-1.4999896675822755,1.4999896675822755,-1.4999896675822755
0.007873665798470597,1.4999896675822755,-1.4999896675822755,1.4999896675822755,-1.4999896675822755
0.023620997395412235,1.4999070095215994,-1.4999070095215994,1.4999070095215994,-1.4999070095215994
0.03936832899235343,1.499741700233002,-1.499741700233002,1.499741700233002,-1.499741700233002
0.055115660589294624,1.4994937533825594,-1.4994937533825594,1.4994937533825594,-1.4994937533825594
0.07086299218623582,1.499163189470798,-1.499163189470798,1.499163189470798,-1.499163189470798
0.08661032378317746,1.4987500358343964,-1.4987500358343964,1.498750035834396,-1.498750035834396
0.10235765538011865,1.4982543266484543,-1.4982543266484543,1.4982543266484545,-1.4982543266484545
0.11810498697705984,1.497676102929343,-1.497676102929343,1.4976761029293433,-1.4976761029293433
0.13385231857400104,1.4970154125381285,-1.4970154125381285,1.4970154125381285,-1.4970154125381285
0.14959965017094268,1.4962723101845894,-1.4962723101845894,1.4962723101845894,-1.4962723101845894
0.16534698176788387,1.4954468574318254,-1.4954468574318254,1.4954468574318254,-1.4954468574318254
0.18109431336482507,1.4945391227014693,-1.4945391227014693,1.4945391227014693,-1.4945391227014693
0.1968416449617667,1.4935491812795132,-1.4935491812795132,1.4935491812795136,-1.4935491812795136
0.2125889765587079,1.492477115322757,-1.492477115322757,1.4924771153227572,-1.4924771153227572
0.2283363081556491,1.491323013865892,-1.491323013865892,1.4913230138658917,-1.4913230138658917
0.2440836397525903,1.4900869728292319,-1.4900869728292319,1.4900869728292316,-1.4900869728292316
0.2598309713495319,1.4887690950271106,-1.4887690950271106,1.4887690950271109,-1.4887690950271109
0.2755783029464731,1.4873694901769536,-1.4873694901769536,1.4873694901769534,-1.4873694901769534
0.2913256345434143,1.4858882749090427,-1.4858882749090427,1.4858882749090425,-1.4858882749090425
0.30707296614035595,1.484325572777,-1.484325572777,1.484325572777,-1.484325572777
0.32282029773729715,1.4826815142689969,-1.4826815142689969,1.4826815142689966,-1.4826815142689966
0.33856762933423834,1.4809562368197176,-1.4809562368197176,1.4809562368197173,-1.4809562368197173
0.35431496093117953,1.4791498848230984,-1.4791498848230984,1.4791498848230984,-1.4791498848230984
0.3700622925281212,1.4772626096458619,-1.4772626096458619,1.4772626096458616,-1.4772626096458616
0.38580962412506237,1.475294569641874,-1.475294569641874,1.4752945696418738,-1.4752945696418738
0.40155695572200356,1.4732459301673497,-1.4732459301673497,1.4732459301673497,-1.4732459301673497
0.4173042873189452,1.4711168635969363,-1.4711168635969363,1.4711168635969365,-1.4711168635969365
0.4330516189158864,1.4689075493406976,-1.4689075493406976,1.4689075493406973,-1.4689075493406973
0.4487989505128276,1.466618173862038,-1.466618173862038,1.4666181738620379,-1.4666181738620379
0.4645462821097688,1.4642489306965962,-1.4642489306965962,1.464248930696596,-1.464248930696596
0.4802936137067104,1.4618000204721382,-1.4618000204721382,1.4618000204721384,-1.4618000204721384
0.4960409453036516,1.4592716509294934,-1.4592716509294934,1.4592716509294932,-1.4592716509294932
0.5117882769005928,1.4566640369445654,-1.4566640369445654,1.4566640369445654,-1.4566640369445654
0.5275356084975344,1.4539774005514623,-1.4539774005514623,1.4539774005514625,-1.4539774005514625
0.5432829400944756,1.4512119709667848,-1.4512119709667848,1.4512119709667846,-1.4512119709667846
0.5590302716914168,1.448367984615117,-1.448367984615117,1.448367984615117,-1.448367984615117
0.574777603288358,1.4454456851557693,-1.4454456851557693,1.4454456851557693,-1.4454456851557693
0.5905249348852997,1.4424453235108161,-1.4424453235108161,1.4424453235108161,-1.4424453235108161
0.6062722664822409,1.4393671578944842,-1.4393671578944842,1.439367157894484,-1.439367157894484
0.6220195980791821,1.4362114538439423,-1.4362114538439423,1.4362114538439423,-1.4362114538439423
0.6377669296761237,1.4329784842515472,-1.4329784842515472,1.4329784842515472,-1.4329784842515472
0.6535142612730649,1.429668529398608,-1.429668529398608,1.4296685293986078,-1.4296685293986078
0.6692615928700061,1.4262818769907253,-1.4262818769907253,1.4262818769907253,-1.4262818769907253
0.6850089244669473,1.4228188221947724,-1.4228188221947724,1.4228188221947724,-1.4228188221947724
0.7007562560638889,1.4192796676775832,-1.4192796676775832,1.4192796676775834,-1.4192796676775834
0.7165035876608301,1.4156647236464206,-1.4156647236464206,1.4156647236464204,-1.4156647236464204
0.7322509192577713,1.411974307891291,-1.411974307891291,1.4119743078912907,-1.4119743078912907
0.7479982508547125,1.4082087458291923,-1.4082087458291923,1.4082087458291923,-1.4082087458291923
0.7637455824516541,1.4043683705503665,-1.4043683705503665,1.4043683705503665,-1.4043683705503665
0.7794929140485953,1.4004535228666446,-1.4004535228666446,1.4004535228666446,-1.4004535228666446
0.7952402456455365,1.3964645513619705,-1.3964645513619705,1.3964645513619707,-1.3964645513619707
0.8109875772424782,1.3924018124451976,-1.3924018124451976,1.3924018124451976,-1.3924018124451976
0.8267349088394194,1.3882656704052512,-1.3882656704052512,1.388265670405251,-1.388265670405251
0.8424822404363606,1.384056497468758,-1.384056497468758,1.384056497468758,-1.384056497468758
0.8582295720333017,1.3797746738602497,-1.3797746738602497,1.3797746738602499,-1.3797746738602499
0.8739769036302434,1.375420587865047,-1.375420587865047,1.375420587865047,-1.375420587865047
0.8897242352271846,1.37099463589494,-1.37099463589494,1.3709946358949403,-1.3709946358949403
0.9054715668241258,1.3664972225567875,-1.3664972225567875,1.3664972225567877,-1.3664972225567877
0.921218898421067,1.3619287607241568,-1.3619287607241568,1.3619287607241568,-1.3619287607241568
0.9369662300180082,1.3572896716121359,-1.3572896716121359,1.3572896716121363,-1.3572896716121363
0.9527135616149502,1.3525803848554605,-1.3525803848554605,1.3525803848554605,-1.3525803848554605
0.9684608932118914,1.3478013385900915,-1.3478013385900915,1.3478013385900913,-1.3478013385900913
0.9842082248088326,1.3429529795383974,-1.3429529795383974,1.3429529795383974,-1.3429529795383974
0.9999555564057738,1.338035763098101,-1.338035763098101,1.3380357630981012,-1.3380357630981012
1.015702888002715,1.3330501534351507,-1.3330501534351507,1.3330501534351507,-1.3330501534351507
1.0314502195996562,1.327996623580688,-1.327996623580688,1.327996623580688,-1.327996623580688
1.0471975511965974,1.3228756555322954,-1.3228756555322954,1.3228756555322956,-1.3228756555322956
1.0629448827935395,1.317687740359711,-1.317687740359711,1.317687740359711,-1.317687740359711
1.0786922143904807,1.3124333783152038,-1.3124333783152038,1.312433378315204,-1.312433378315204
1.0944395459874219,1.3071130789488208,-1.3071130789488208,1.3071130789488206,-1.3071130789488206
1.110186877584363,1.301727361228716,-1.301727361228716,1.3017273612287157,-1.3017273612287157
1.1259342091813043,1.2962767536667952,-1.2962767536667952,1.296276753666795,-1.296276753666795
1.1416815407782455,1.2907617944499046,-1.2907617944499046,1.2907617944499044,-1.2907617944499044
1.1574288723751867,1.2851830315768138,-1.2851830315768138,1.285183031576814,-1.285183031576814
1.1731762039721287,1.2795410230012552,-1.2795410230012552,1.279541023001255,-1.279541023001255
1.18892353556907,1.2738363367812848,-1.2738363367812848,1.2738363367812848,-1.2738363367812848
1.2046708671660111,1.2680695512352544,-1.2680695512352544,1.2680695512352544,-1.2680695512352544
1.2204181987629523,1.2622412551046869,-1.2622412551046869,1.2622412551046869,-1.2622412551046869
1.2361655303598935,1.2563520477243695,-1.2563520477243695,1.2563520477243695,-1.2563520477243695
1.2519128619568347,1.2504025391999896,-1.2504025391999896,1.2504025391999896,-1.2504025391999896
1.267660193553776,1.2443933505936517,-1.2443933505936517,1.2443933505936517,-1.2443933505936517
1.283407525150718,1.238325114117637,-1.238325114117637,1.2383251141176372,-1.2383251141176372
1.2991548567476592,1.2321984733367775,-1.2321984733367775,1.232198473336777,-1.232198473336777
1.3149021883446004,1.2260140833798288,-1.2260140833798288,1.2260140833798288,-1.2260140833798288
1.3306495199415416,1.2197726111602691,-1.2197726111602691,1.2197726111602691,-1.2197726111602691
1.3463968515384828,1.2134747356069324,-1.2134747356069324,1.2134747356069324,-1.2134747356069324
1.362144183135424,1.2071211479049397,-1.2071211479049397,1.20712114790494,-1.20712114790494
1.3778915147323652,1.2007125517473942,-1.2007125517473942,1.2007125517473942,-1.2007125517473942
1.3936388463293063,1.194249663598329,-1.194249663598329,1.194249663598329,-1.194249663598329
1.4093861779262484,1.1877332129674298,-1.1877332129674298,1.1877332129674298,-1.1877332129674298
1.4251335095231896,1.1811639426970666,-1.1811639426970666,1.1811639426970666,-1.1811639426970666
1.4408808411201308,1.1745426092621982,-1.1745426092621982,1.1745426092621982,-1.1745426092621982
1.456628172717072,1.1678699830837453,-1.1678699830837453,1.1678699830837453,-1.1678699830837453
1.4723755043140132,1.1611468488560484,-1.1611468488560484,1.1611468488560484,-1.1611468488560484
1.4881228359109544,1.15437400588905,-1.15437400588905,1.15437400588905,-1.15437400588905
1.5038701675078956,1.1475522684658905,-1.1475522684658905,1.1475522684658908,-1.1475522684658908
1.5196174991048377,1.1406824662166124,-1.1406824662166124,1.1406824662166124,-1.1406824662166124
1.5353648307017789,1.1337654445087193,-1.1337654445087193,1.1337654445087193,-1.1337654445087193
1.55111216229872,1.1268020648553592,-1.1268020648553592,1.126802064855359,-1.126802064855359
1.5668594938956613,1.1197932053419395,-1.1197932053419395,1.1197932053419395,-1.1197932053419395
1.5826068254926025,1.11273976107202,-1.11273976107202,1.1127397610720198,-1.1127397610720198
1.5983541570895436,1.1056426446333545,-1.1056426446333545,1.1056426446333545,-1.1056426446333545
1.6141014886864848,1.0985027865850134,-1.0985027865850134,1.0985027865850132,-1.0985027865850132
1.629848820283427,1.0913211359665296,-1.0913211359665296,1.0913211359665298,-1.0913211359665298
1.6455961518803681,1.084098660830081,-1.084098660830081,1.084098660830081,-1.084098660830081
1.6613434834773093,1.0768363487967354,-1.0768363487967354,1.0768363487967354,-1.0768363487967354
1.6770908150742505,1.0695352076378515,-1.0695352076378515,1.0695352076378513,-1.0695352076378513
1.6928381466711917,1.0621962658827595,-1.0621962658827595,1.0621962658827595,-1.0621962658827595
1.708585478268133,1.0548205734538894,-1.0548205734538894,1.0548205734538896,-1.0548205734538896
1.724332809865074,1.0474092023305668,-1.0474092023305668,1.0474092023305668,-1.0474092023305668
1.7400801414620162,1.0399632472427367,-1.0399632472427367,1.039963247242737,-1.039963247242737
1.7558274730589574,1.0324838263959242,-1.0324838263959242,1.0324838263959242,-1.0324838263959242
1.7715748046558986,1.0249720822287833,-1.0249720822287833,1.0249720822287833,-1.0249720822287833
1.7873221362528398,1.0174291822046369,-1.0174291822046369,1.0174291822046369,-1.0174291822046369
1.803069467849781,1.0098563196384502,-1.0098563196384502,1.00985631963845,-1.00985631963845
1.8188167994467221,1.0022547145607252,-1.0022547145607252,1.0022547145607255,-1.0022547145607255
1.8345641310436633,0.99462561461985,-0.99462561461985,0.99462561461985,-0.99462561461985
1.8503114626406054,0.9869702960244672,-0.9869702960244672,0.9869702960244672,-0.9869702960244672
1.8660587942375466,0.9792900645274798,-0.9792900645274798,0.9792900645274797,-0.9792900645274797
1.8818061258344878,0.971586256453323,-0.971586256453323,0.9715862564533229,-0.9715862564533229
1.897553457431429,0.9638602397701869,-0.9638602397701869,0.9638602397701869,-0.9638602397701869
1.9133007890283702,0.9561134152088745,-0.9561134152088745,0.9561134152088744,-0.9561134152088744
1.9290481206253114,0.9483472174300117,-0.9483472174300117,0.9483472174300116,-0.9483472174300116
1.9447954522222526,0.9405631162413319,-0.9405631162413319,0.9405631162413319,-0.9405631162413319
1.9605427838191947,0.9327626178667536,-0.9327626178667536,0.9327626178667537,-0.9327626178667537
1.9762901154161359,0.9249472662689661,-0.9249472662689661,0.9249472662689661,-0.9249472662689661
1.992037447013077,0.9171186445272013,-0.9171186445272013,0.9171186445272013,-0.9171186445272013
2.0077847786100183,0.9092783762718516,-0.9092783762718516,0.9092783762718516,-0.9092783762718516
2.0235321102069594,0.9014281271775131,-0.9014281271775131,0.901428127177513,-0.901428127177513
2.0392794418039006,0.8935696065159731,-0.8935696065159731,0.8935696065159731,-0.8935696065159731
2.055026773400842,0.8857045687705563,-0.8857045687705563,0.8857045687705565,-0.8857045687705565
2.070774104997784,0.8778348153131131,-0.8778348153131131,0.8778348153131131,-0.8778348153131131
2.086521436594725,0.8699621961447831,-0.8699621961447831,0.8699621961447832,-0.8699621961447832
2.1022687681916663,0.8620886117014654,-0.8620886117014654,0.8620886117014653,-0.8620886117014653
2.1180160997886075,0.8542160147247092,-0.8542160147247092,0.8542160147247093,-0.8542160147247093
2.1337634313855487,0.8463464121984489,-0.8463464121984489,0.8463464121984489,-0.8463464121984489
2.14951076298249,0.8384818673516877,-0.8384818673516877,0.8384818673516877,-0.8384818673516877
2.165258094579431,0.830624501726855,-0.830624501726855,0.830624501726855,-0.830624501726855
2.181005426176373,0.8227764973131046,-0.8227764973131046,0.8227764973131046,-0.8227764973131046
2.1967527577733144,0.8149400987433217,-0.8149400987433217,0.8149400987433217,-0.8149400987433217
2.2125000893702556,0.8071176155529886,-0.8071176155529886,0.8071176155529884,-0.8071176155529884
2.2282474209671967,0.799311424498397,-0.799311424498397,0.799311424498397,-0.799311424498397
2.243994752564138,0.791523971930899,-0.791523971930899,0.7915239719308991,-0.7915239719308991
2.259742084161079,0.7837577762230064,-0.7837577762230064,0.7837577762230064,-0.7837577762230064
2.2754894157580203,0.7760154302411423,-0.7760154302411423,0.7760154302411423,-0.7760154302411423
2.2912367473549624,0.7682996038587112,-0.7682996038587112,0.7682996038587112,-0.7682996038587112
2.3069840789519036,0.7606130465018851,-0.7606130465018851,0.7606130465018852,-0.7606130465018852
2.322731410548845,0.7529585897190614,-0.7529585897190614,0.7529585897190614,-0.7529585897190614
2.338478742145786,0.7453391497633755,-0.7453391497633755,0.7453391497633755,-0.7453391497633755
2.354226073742727,0.7377577301758642,-0.7377577301758642,0.7377577301758642,-0.7377577301758642
2.3699734053396684,0.7302174243549308,-0.7302174243549308,0.7302174243549308,-0.7302174243549308
2.3857207369366096,0.7227214180955993,-0.7227214180955993,0.7227214180955993,-0.7227214180955993
2.4014680685335517,0.7152729920796913,-0.7152729920796913,0.7152729920796914,-0.7152729920796914
2.417215400130493,0.7078755242954703,-0.7078755242954703,0.7078755242954702,-0.7078755242954702
2.432962731727434,0.7005324923624965,-0.7005324923624965,0.7005324923624965,-0.7005324923624965
2.4487100633243752,0.6932474757344282,-0.6932474757344282,0.6932474757344282,-0.6932474757344282
2.4644573949213164,0.6860241577492329,-0.6860241577492329,0.6860241577492326,-0.6860241577492326
2.4802047265182576,0.6788663274928332,-0.6788663274928332,0.678866327492833,-0.678866327492833
2.495952058115199,0.6717778814385468,-0.6717778814385468,0.6717778814385468,-0.6717778814385468
2.51169938971214,0.6647628248208309,-0.6647628248208309,0.6647628248208309,-0.6647628248208309
2.527446721309082,0.6578252726978661,-0.6578252726978661,0.657825272697866,-0.657825272697866
2.5431940529060233,0.650969450653412,-0.650969450653412,0.650969450653412,-0.650969450653412
2.5589413845029645,0.6441996950842165,-0.6441996950842165,0.6441996950842165,-0.6441996950842165
2.5746887160999057,0.6375204530151305,-0.6375204530151305,0.6375204530151306,-0.6375204530151306
2.590436047696847,0.6309362813800401,-0.6309362813800401,0.6309362813800399,-0.6309362813800399
2.606183379293788,0.6244518457028903,-0.6244518457028903,0.6244518457028903,-0.6244518457028903
2.6219307108907293,0.6180719181095654,-0.6180719181095654,0.6180719181095653,-0.6180719181095653
2.6376780424876713,0.6118013745983242,-0.6118013745983242,0.6118013745983243,-0.6118013745983243
2.6534253740846125,0.6056451914940713,-0.6056451914940713,0.6056451914940713,-0.6056451914940713
2.6691727056815537,0.599608441010094,-0.599608441010094,0.599608441010094,-0.599608441010094
2.684920037278495,0.5936962858402989,-0.5936962858402989,0.5936962858402989,-0.5936962858402989
2.700667368875436,0.5879139727055502,-0.5879139727055502,0.5879139727055503,-0.5879139727055503
2.7164147004723773,0.5822668247797907,-0.5822668247797907,0.5822668247797907,-0.5822668247797907
2.7321620320693185,0.576760232925356,-0.576760232925356,0.5767602329253562,-0.5767602329253562
2.7479093636662606,0.571399645672597,-0.571399645672597,0.571399645672597,-0.571399645672597
2.763656695263202,0.5661905578867719,-0.5661905578867719,0.566190557886772,-0.566190557886772
2.779404026860143,0.5611384980754272,-0.5611384980754272,0.561138498075427,-0.561138498075427
2.795151358457084,0.5562490143023054,-0.5562490143023054,0.5562490143023054,-0.5562490143023054
2.8108986900540254,0.5515276586893584,-0.5515276586893584,0.5515276586893584,-0.5515276586893584
2.8266460216509666,0.5469799705067553,-0.5469799705067553,0.5469799705067553,-0.5469799705067553
2.8423933532479078,0.5426114578718915,-0.5426114578718915,0.5426114578718915,-0.5426114578718915
2.85814068484485,0.5384275781021689,-0.5384275781021689,0.538427578102169,-0.538427578102169
2.873888016441791,0.5344337167925719,-0.5344337167925719,0.534433716792572,-0.534433716792572
2.8896353480387322,0.5306351657173939,-0.5306351657173939,0.5306351657173939,-0.5306351657173939
2.9053826796356734,0.5270370996854676,-0.5270370996854676,0.5270370996854676,-0.5270370996854676
2.9211300112326146,0.5236445525092038,-0.5236445525092038,0.5236445525092039,-0.5236445525092039
2.936877342829556,0.5204623922789551,-0.5204623922789551,0.520462392278955,-0.520462392278955
2.952624674426497,0.5174952961647329,-0.5174952961647329,0.517495296164733,-0.517495296164733
2.968372006023439,0.514747724996151,-0.514747724996151,0.5147477249961508,-0.5147477249961508
2.9841193376203803,0.5122238978975117,-0.5122238978975117,0.5122238978975118,-0.5122238978975118
2.9998666692173215,0.5099277672771131,-0.5099277672771131,0.5099277672771132,-0.5099277672771132
3.0156140008142627,0.5078629944869619,-0.5078629944869619,0.5078629944869618,-0.5078629944869618
3.031361332411204,0.5060329264801358,-0.5060329264801358,0.5060329264801359,-0.5060329264801359
3.047108664008145,0.5044405737970693,-0.5044405737970693,0.5044405737970692,-0.5044405737970692
3.0628559956050863,0.5030885902083574,-0.5030885902083574,0.5030885902083575,-0.5030885902083575
3.0786033272020283,0.5019792543297635,-0.5019792543297635,0.5019792543297635,-0.5019792543297635
3.0943506587989695,0.5011144535048019,-0.5011144535048019,0.5011144535048019,-0.5011144535048019
3.1100979903959107,0.5004956702216928,-0.5004956702216928,0.500495670221693,-0.500495670221693
3.125845321992852,0.5001239712951299,-0.5001239712951299,0.5001239712951299,-0.5001239712951299
3.141592653589793,0.5,-0.5,0.5,-0.5
