type,strength,M,mean_log10_minE,standard_error
hopping,0.0,40,-6.145538650129608,0.0
onsite,0.0,40,-6.145538650129608,0.0
hopping,0.1,40,-6.192670577690691,0.024456966545999784
onsite,0.1,40,-1.742174483714298,0.06444017643310698
hopping,0.2,40,-6.10861364536066,0.05058931074980427
onsite,0.2,40,-1.4154615348991004,0.06699036089139832
hopping,0.3,40,-6.249266139962719,0.07765304599029879
onsite,0.3,40,-1.398970757401889,0.08207909285250678
hopping,0.4,40,-6.106211238383461,0.09771359014940463
onsite,0.4,40,-1.2324729261980867,0.09401287926028853
