index,"E(t1=1.0,t2=0.5)","E(t1=0.5,t2=1.0)"
0,-1.4961512766688285,-1.4960239138346827
1,-1.4846360900263391,-1.4841259676126193
2,-1.4655476515193389,-1.4643973314378627
3,-1.4390422268447562,-1.4369907788205285
4,-1.4053406588872857,-1.4021220900410813
5,-1.3647308289436269,-1.3600723856515646
6,-1.317571443520243,-1.3111918423870796
7,-1.2642977394215276,-1.2559055174171292
8,-1.2054299982726058,-1.1947224420913878
9,-1.1415861998327415,-1.128249859942213
10,-1.0735007815900168,-1.0572156791683112
11,-1.0020523687106393,-0.9825042377902844
12,-0.9283044871891839,-0.905213912786624
13,-0.8535644027001846,-0.82675072463978
14,-0.7794652546126773,-0.7489802650253462
15,-0.708072404690915,-0.6744675870048129
16,-0.6419989053544483,-0.6068205749781227
17,-0.5844744915376036,-0.5510411593786426
18,-0.5392413709528677,-0.513420881762814
19,-0.5100950758591617,-7.152557372473845e-07
20,0.5100950758591615,7.152557373820176e-07
21,0.5392413709528673,0.5134208817628142
22,0.5844744915376032,0.5510411593786426
23,0.6419989053544483,0.6068205749781223
24,0.7080724046909153,0.6744675870048124
25,0.7794652546126767,0.7489802650253458
26,0.8535644027001837,0.8267507246397796
27,0.9283044871891831,0.9052139127866241
28,1.0020523687106386,0.9825042377902847
29,1.0735007815900164,1.057215679168311
30,1.1415861998327415,1.1282498599422135
31,1.2054299982726064,1.194722442091389
32,1.2642977394215282,1.2559055174171296
33,1.3175714435202435,1.3111918423870808
34,1.3647308289436277,1.360072385651565
35,1.4053406588872872,1.4021220900410816
36,1.4390422268447574,1.4369907788205283
37,1.46554765151934,1.4643973314378627
38,1.4846360900263398,1.4841259676126197
39,1.4961512766688287,1.496023913834683
