t2,gap_numeric,gap_formula
0.0,2.0,2.0
0.025,1.95,1.95
0.05,1.9,1.9
0.07500000000000001,1.85,1.85
0.1,1.8,1.8
0.125,1.75,1.75
0.15000000000000002,1.7,1.7
0.17500000000000002,1.65,1.65
0.2,1.6,1.6
0.225,1.55,1.55
0.25,1.5,1.5
0.275,1.45,1.45
0.30000000000000004,1.4,1.4
0.325,1.35,1.35
0.35000000000000003,1.2999999999999998,1.2999999999999998
0.375,1.25,1.25
0.4,1.2,1.2
0.42500000000000004,1.15,1.15
0.45,1.1,1.1
0.47500000000000003,1.0499999999999998,1.0499999999999998
0.5,1.0,1.0
0.525,0.95,0.95
0.55,0.8999999999999999,0.8999999999999999
0.5750000000000001,0.8499999999999999,0.8499999999999999
0.6000000000000001,0.7999999999999998,0.7999999999999998
0.625,0.75,0.75
0.65,0.7,0.7
0.675,0.6499999999999999,0.6499999999999999
0.7000000000000001,0.5999999999999999,0.5999999999999999
0.7250000000000001,0.5499999999999998,0.5499999999999998
0.75,0.5,0.5
0.775,0.44999999999999996,0.44999999999999996
0.8,0.3999999999999999,0.3999999999999999
0.8250000000000001,0.34999999999999987,0.34999999999999987
0.8500000000000001,0.2999999999999998,0.2999999999999998
0.875,0.25,0.25
0.9,0.19999999999999996,0.19999999999999996
0.925,0.1499999999999999,0.1499999999999999
0.9500000000000001,0.09999999999999987,0.09999999999999987
0.9750000000000001,0.04999999999999982,0.04999999999999982
1.0,2.4492935982947064e-16,0.0
1.0250000000000001,0.050000000000000266,0.050000000000000266
1.05,0.10000000000000009,0.10000000000000009
1.075,0.1499999999999999,0.1499999999999999
1.1,0.20000000000000018,0.20000000000000018
1.125,0.25,0.25
1.1500000000000001,0.30000000000000027,0.30000000000000027
1.175,0.3500000000000001,0.3500000000000001
1.2000000000000002,0.40000000000000036,0.40000000000000036
1.225,0.4500000000000002,0.4500000000000002
1.25,0.5,0.5
1.2750000000000001,0.5500000000000003,0.5500000000000003
1.3,0.6000000000000001,0.6000000000000001
1.3250000000000002,0.6500000000000004,0.6500000000000004
1.35,0.7000000000000002,0.7000000000000002
1.375,0.75,0.75
1.4000000000000001,0.8000000000000003,0.8000000000000003
1.425,0.8500000000000001,0.8500000000000001
1.4500000000000002,0.9000000000000004,0.9000000000000004
1.475,0.9500000000000002,0.9500000000000002
1.5,1.0,1.0
1.5250000000000001,1.0500000000000003,1.0500000000000003
1.55,1.1,1.1
1.5750000000000002,1.1500000000000004,1.1500000000000004
1.6,1.2000000000000002,1.2000000000000002
1.625,1.25,1.25
1.6500000000000001,1.3000000000000003,1.3000000000000003
1.675,1.35,1.35
1.7000000000000002,1.4000000000000004,1.4000000000000004
1.725,1.4500000000000002,1.4500000000000002
1.75,1.5,1.5
1.7750000000000001,1.5500000000000003,1.5500000000000003
1.8,1.6,1.6
1.8250000000000002,1.6500000000000004,1.6500000000000004
1.85,1.7000000000000002,1.7000000000000002
1.875,1.75,1.75
1.9000000000000001,1.8000000000000003,1.8000000000000003
1.925,1.85,1.85
1.9500000000000002,1.9000000000000004,1.9000000000000004
1.975,1.9500000000000002,1.9500000000000002
2.0,2.0,2.0
