k,E
-3.141592653589793,2.0
-3.125845321992852,1.9997520266719764
-3.1100979903959103,1.9990081681786769
-3.094350658798969,1.9977686089771676
-3.078603327202028,1.9960336564450691
-3.0628559956050867,1.9938037408043348
-3.047108664008145,1.991079415014567
-3.031361332411204,1.987861354635899
-3.0156140008142627,1.984150357661472
-2.9998666692173215,1.9799473443195568
-2.98411933762038,1.9752533568453587
-2.9683720060234386,1.970069559222574
-2.9526246744264975,1.9643972368947509
-2.936877342829556,1.958237796446534
-2.9211300112326146,1.9515927652548712
-2.9053826796356734,1.9444637911102611
-2.8896353480387322,1.936852641808148
-2.8738880164417906,1.928761204710554
-2.8581406848448494,1.9201914862780651
-2.842393353247908,1.9111456115722816
-2.8266460216509666,1.9016258237288581
-2.8108986900540254,1.8916344834012693
-2.795151358457084,1.8811740681754272
-2.779404026860143,1.8702471719553078
-2.7636566952632013,1.8588565043197314
-2.74790936366626,1.847004889850461
-2.732162032069319,1.8346952674317782
-2.7164147004723773,1.8219306895217209
-2.700667368875436,1.8087143213951549
-2.684920037278495,1.7950494403588684
-2.6691727056815537,1.7809394349388892
-2.653425374084612,1.7663878040402192
-2.637678042487671,1.7513981560792014
-2.6219307108907297,1.7359742080887262
-2.606183379293788,1.7201197847965075
-2.590436047696847,1.703838817676654
-2.5746887160999057,1.6871353439747654
-2.5589413845029645,1.6700135057068048
-2.543194052906023,1.6524775486319894
-2.5274467213090817,1.634531821199956
-2.5116993897121405,1.616180773472459
-2.495952058115199,1.5974289560198753
-2.4802047265182576,1.578281018792787
-2.4644573949213164,1.5587417099689118
-2.4487100633243752,1.5388158747756866
-2.4329627317274336,1.518508454288777
-2.4172154001304924,1.497824484206826
-2.401468068533551,1.476769093602731
-2.3857207369366096,1.455347503651772
-2.3699734053396684,1.4335650263369022
-2.354226073742727,1.4114270631315136
-2.338478742145786,1.3889391036600174
-2.322731410548845,1.3661067243365645
-2.306984078951903,1.3429355869822417
-2.291236747354962,1.3194314374210943
-2.2754894157580203,1.2956001040553098
-2.259742084161079,1.2714474964199356
-2.243994752564138,1.246979603717467
-2.2282474209671967,1.2222024933326867
-2.2125000893702556,1.197122309328116
-2.196752757773314,1.1717452709204492
-2.1810054261763727,1.146077670938357
-2.165258094579431,1.120125874262028
-2.14951076298249,1.0938963162448534
-2.1337634313855487,1.0673955011176268
-2.1180160997886075,1.0406300003756705
-2.1022687681916663,1.01360645114928
-2.0865214365947247,0.9863315545578909
-2.0707741049977835,0.9588120740483842
-2.055026773400842,0.9310548337179256
-2.0392794418039006,0.9030667166217783
-2.0235321102069594,0.8748546630664829
-2.0077847786100183,0.8464256688888498
-1.9920374470130768,0.8177867837211774
-1.9762901154161354,0.7889451092431319
-1.9605427838191942,0.7599077974207198
-1.9447954522222528,0.7306820487327897
-1.9290481206253116,0.7012751103855087
-1.9133007890283702,0.6716942745152448
-1.897553457431429,0.6419468763803153
-1.8818061258344876,0.6120402925420351
-1.8660587942375462,0.5819819390355285
-1.850311462640605,0.5517792695307502
-1.8345641310436636,0.5214397734841714
-1.8188167994467224,0.49097097428159825
-1.803069467849781,0.46038042737256907
-1.7873221362528398,0.42967571839680774
-1.7715748046558983,0.39886446130318426
-1.755827473058957,0.367954296461661
-1.7400801414620157,0.336952888768684
-1.7243328098650743,0.30586792574649146
-1.7085854782681331,0.27470711563681627
-1.6928381466711917,0.2434781854894444
-1.6770908150742505,0.21218887924611599
-1.661343483477309,0.1808469558202309
-1.645596151880368,0.14946018717284854
-1.6298488202834265,0.11803635638544545
-1.614101488686485,0.08658325572992168
-1.5983541570895439,0.055108684736323875
-1.5826068254926025,0.023620448258768564
-1.5668594938956613,-0.007873645459950443
-1.5511121622987198,-0.03936578672460151
-1.5353648307017786,-0.07084816632410777
-1.5196174991048372,-0.1023129774680267
-1.503870167507896,-0.13375241772242244
-1.4881228359109546,-0.1651586909446648
-1.4723755043140132,-0.19652400921666155
-1.456628172717072,-0.22784059477605587
-1.4408808411201306,-0.25910068194490515
-1.4251335095231894,-0.29029651905535886
-1.409386177926248,-0.3214203703718692
-1.3936388463293068,-0.3524645180094434
-1.3778915147323654,-0.383421263847477
-1.362144183135424,-0.4142829314386793
-1.3463968515384828,-0.4450418679126289
-1.3306495199415413,-0.4756904458734828
-1.3149021883446002,-0.506221065291364
-1.2991548567476587,-0.5366261553869696
-1.2834075251507175,-0.5668981765089189
-1.2676601935537761,-0.5970296220033893
-1.2519128619568347,-0.6270130200755627
-1.2361655303598935,-0.6568409356424334
-1.220418198762952,-0.6865059721765112
-1.204670867166011,-0.7160007735399597
-1.1889235355690695,-0.7453180258087265
-1.1731762039721283,-0.7744504590861971
-1.1574288723751869,-0.8033908493059391
-1.1416815407782457,-0.8321320200230745
-1.1259342091813043,-0.8606668441938502
-1.110186877584363,-0.888988245942951
-1.0944395459874214,-0.9170892023181324
-1.0786922143904802,-0.9449627450317195
-1.062944882793539,-0.9726019621885628
-1.0471975511965979,-0.9999999999999998
-1.0314502195996562,-1.027150064483414
-1.015702888002715,-1.0540454231469578
-0.9999555564057738,-1.0806794066590357
-0.9842082248088322,-1.1070454105021184
-0.968460893211891,-1.133136896610485
-0.9527135616149498,-1.1589473949914926
-0.9369662300180086,-1.1844705053299598
-0.921218898421067,-1.2096998985752754
-0.9054715668241258,-1.2346293185108306
-0.8897242352271846,-1.2592525833053991
-0.8739769036302434,-1.2835635870460629
-0.8582295720333017,-1.3075563012523177
-0.8424822404363606,-1.331224776370972
-0.8267349088394194,-1.354563143251482
-0.8109875772424777,-1.3775656146013424
-0.7952402456455365,-1.4002264864211786
-0.7794929140485953,-1.42254013941919
-0.7637455824516541,-1.4445010404045826
-0.7479982508547125,-1.466103743659653
-0.7322509192577713,-1.4873428922901795
-0.7165035876608301,-1.5082132195537925
-0.7007562560638885,-1.528709550165984
-0.6850089244669473,-1.5488268015834388
-0.6692615928700061,-1.5685599852643728
-0.6535142612730649,-1.587904207905556
-0.6377669296761233,-1.6068546726557227
-0.6220195980791821,-1.62540668030506
-0.6062722664822409,-1.6435556304504904
-0.5905249348852992,-1.6612970226364463
-0.574777603288358,-1.6786264574708627
-0.5590302716914168,-1.6955396377161116
-0.5432829400944756,-1.7120323693546
-0.527535608497534,-1.728100562628776
-0.5117882769005928,-1.7437402330552767
-0.4960409453036516,-1.7589475024129781
-0.48029361370671,-1.7737185997046876
-0.4645462821097688,-1.7880498620922505
-0.4487989505128276,-1.8019377358048383
-0.4330516189158864,-1.815378777020187
-0.41730428731894476,-1.828369652718575
-0.40155695572200356,-1.8409071415093206
-0.38580962412506237,-1.8529881344296035
-0.37006229252812073,-1.864609635715404
-0.35431496093117953,-1.8757687635443707
-0.33856762933423834,-1.8864627507504388
-0.32282029773729715,-1.8966889455100104
-0.3070729661403555,-1.9064448119995387
-0.2913256345434143,-1.9157279310243418
-0.2755783029464731,-1.9245360006185008
-0.2598309713495319,-1.9328668366156851
-0.2440836397525903,-1.9407183731907676
-0.2283363081556491,-1.948088663372093
-0.2125889765587079,-1.954975879524277
-0.19684164496176626,-1.9613783138014098
-0.18109431336482507,-1.9672943785705554
-0.16534698176788387,-1.9727226068054446
-0.14959965017094268,-1.977661652450257
-0.13385231857400104,-1.9821102907534067
-0.11810498697705984,-1.9860674185712481
-0.10235765538011865,-1.989532054641627
-0.08661032378317701,-1.992503339827207
-0.07086299218623582,-1.9949805373285117
-0.055115660589294624,-1.9969630328666323
-0.03936832899235343,-1.9984503348355531
-0.02362099739541179,-1.9994420744240549
-0.007873665798470597,-1.999938005707171
0.007873665798470597,-1.999938005707171
0.023620997395412235,-1.9994420744240549
0.03936832899235343,-1.9984503348355531
0.055115660589294624,-1.9969630328666323
0.07086299218623582,-1.9949805373285117
0.08661032378317746,-1.992503339827207
0.10235765538011865,-1.989532054641627
0.11810498697705984,-1.9860674185712481
0.13385231857400104,-1.9821102907534067
0.14959965017094268,-1.977661652450257
0.16534698176788387,-1.9727226068054446
0.18109431336482507,-1.9672943785705554
0.1968416449617667,-1.9613783138014096
0.2125889765587079,-1.954975879524277
0.2283363081556491,-1.948088663372093
0.2440836397525903,-1.9407183731907676
0.2598309713495319,-1.9328668366156851
0.2755783029464731,-1.9245360006185008
0.2913256345434143,-1.9157279310243418
0.30707296614035595,-1.9064448119995385
0.32282029773729715,-1.8966889455100104
0.33856762933423834,-1.8864627507504388
0.35431496093117953,-1.8757687635443707
0.3700622925281212,-1.8646096357154036
0.38580962412506237,-1.8529881344296035
0.40155695572200356,-1.8409071415093206
0.4173042873189452,-1.8283696527185747
0.4330516189158864,-1.815378777020187
0.4487989505128276,-1.8019377358048383
0.4645462821097688,-1.7880498620922505
0.4802936137067104,-1.7737185997046871
0.4960409453036516,-1.7589475024129781
0.5117882769005928,-1.7437402330552767
0.5275356084975344,-1.7281005626287755
0.5432829400944756,-1.7120323693546
0.5590302716914168,-1.6955396377161116
0.574777603288358,-1.6786264574708627
0.5905249348852997,-1.6612970226364456
0.6062722664822409,-1.6435556304504904
0.6220195980791821,-1.62540668030506
0.6377669296761237,-1.6068546726557222
0.6535142612730649,-1.587904207905556
0.6692615928700061,-1.5685599852643728
0.6850089244669473,-1.5488268015834388
0.7007562560638889,-1.5287095501659835
0.7165035876608301,-1.5082132195537925
0.7322509192577713,-1.4873428922901795
0.7479982508547125,-1.466103743659653
0.7637455824516541,-1.4445010404045826
0.7794929140485953,-1.42254013941919
0.7952402456455365,-1.4002264864211786
0.8109875772424782,-1.3775656146013417
0.8267349088394194,-1.354563143251482
0.8424822404363606,-1.331224776370972
0.8582295720333017,-1.3075563012523177
0.8739769036302434,-1.2835635870460629
0.8897242352271846,-1.2592525833053991
0.9054715668241258,-1.2346293185108306
0.921218898421067,-1.2096998985752754
0.9369662300180082,-1.1844705053299607
0.9527135616149502,-1.158947394991492
0.9684608932118914,-1.1331368966104842
0.9842082248088326,-1.1070454105021177
0.9999555564057738,-1.0806794066590357
1.015702888002715,-1.0540454231469578
1.0314502195996562,-1.027150064483414
1.0471975511965974,-1.0000000000000007
1.0629448827935395,-0.972601962188562
1.0786922143904807,-0.9449627450317187
1.0944395459874219,-0.9170892023181316
1.110186877584363,-0.888988245942951
1.1259342091813043,-0.8606668441938502
1.1416815407782455,-0.832132020023075
1.1574288723751867,-0.8033908493059395
1.1731762039721287,-0.7744504590861964
1.18892353556907,-0.7453180258087257
1.2046708671660111,-0.7160007735399594
1.2204181987629523,-0.6865059721765108
1.2361655303598935,-0.6568409356424334
1.2519128619568347,-0.6270130200755627
1.267660193553776,-0.5970296220033897
1.283407525150718,-0.566898176508918
1.2991548567476592,-0.5366261553869688
1.3149021883446004,-0.5062210652913636
1.3306495199415416,-0.47569044587348236
1.3463968515384828,-0.4450418679126289
1.362144183135424,-0.4142829314386793
1.3778915147323652,-0.38342126384747743
1.3936388463293063,-0.3524645180094443
1.4093861779262484,-0.3214203703718683
1.4251335095231896,-0.2902965190553584
1.4408808411201308,-0.2591006819449047
1.456628172717072,-0.22784059477605587
1.4723755043140132,-0.19652400921666155
1.4881228359109544,-0.16515869094466523
1.5038701675078956,-0.13375241772242333
1.5196174991048377,-0.10231297746802581
1.5353648307017789,-0.07084816632410733
1.55111216229872,-0.039365786724601066
1.5668594938956613,-0.007873645459950443
1.5826068254926025,0.023620448258768564
1.5983541570895436,0.05510868473632343
1.6141014886864848,0.08658325572992123
1.629848820283427,0.11803635638544632
1.6455961518803681,0.14946018717284898
1.6613434834773093,0.18084695582023133
1.6770908150742505,0.21218887924611599
1.6928381466711917,0.2434781854894444
1.708585478268133,0.2747071156368158
1.724332809865074,0.305867925746491
1.7400801414620162,0.3369528887686849
1.7558274730589574,0.3679542964616619
1.7715748046558986,0.3988644613031847
1.7873221362528398,0.42967571839680774
1.803069467849781,0.46038042737256907
1.8188167994467221,0.4909709742815978
1.8345641310436633,0.5214397734841709
1.8503114626406054,0.5517792695307511
1.8660587942375466,0.5819819390355294
1.8818061258344878,0.6120402925420355
1.897553457431429,0.6419468763803153
1.9133007890283702,0.6716942745152448
1.9290481206253114,0.7012751103855083
1.9447954522222526,0.7306820487327893
1.9605427838191947,0.7599077974207207
1.9762901154161359,0.7889451092431328
1.992037447013077,0.8177867837211779
2.0077847786100183,0.8464256688888498
2.0235321102069594,0.8748546630664829
2.0392794418039006,0.9030667166217783
2.055026773400842,0.9310548337179256
2.070774104997784,0.958812074048385
2.086521436594725,0.9863315545578917
2.1022687681916663,1.01360645114928
2.1180160997886075,1.0406300003756705
2.1337634313855487,1.0673955011176268
2.14951076298249,1.0938963162448534
2.165258094579431,1.120125874262028
2.181005426176373,1.1460776709383578
2.1967527577733144,1.1717452709204499
2.2125000893702556,1.197122309328116
2.2282474209671967,1.2222024933326867
2.243994752564138,1.246979603717467
2.259742084161079,1.2714474964199356
2.2754894157580203,1.2956001040553098
2.2912367473549624,1.319431437421095
2.3069840789519036,1.3429355869822424
2.322731410548845,1.3661067243365645
2.338478742145786,1.3889391036600174
2.354226073742727,1.4114270631315136
2.3699734053396684,1.4335650263369022
2.3857207369366096,1.455347503651772
2.4014680685335517,1.4767690936027313
2.417215400130493,1.4978244842068265
2.432962731727434,1.5185084542887777
2.4487100633243752,1.5388158747756866
2.4644573949213164,1.5587417099689118
2.4802047265182576,1.578281018792787
2.495952058115199,1.5974289560198753
2.51169938971214,1.6161807734724583
2.527446721309082,1.6345318211999564
2.5431940529060233,1.65247754863199
2.5589413845029645,1.6700135057068048
2.5746887160999057,1.6871353439747654
2.590436047696847,1.703838817676654
2.606183379293788,1.7201197847965075
2.6219307108907293,1.7359742080887257
2.6376780424876713,1.7513981560792018
2.6534253740846125,1.7663878040402197
2.6691727056815537,1.7809394349388892
2.684920037278495,1.7950494403588684
2.700667368875436,1.8087143213951549
2.7164147004723773,1.8219306895217209
2.7321620320693185,1.8346952674317778
2.7479093636662606,1.8470048898504612
2.763656695263202,1.8588565043197318
2.779404026860143,1.8702471719553078
2.795151358457084,1.8811740681754272
2.8108986900540254,1.8916344834012693
2.8266460216509666,1.9016258237288581
2.8423933532479078,1.9111456115722811
2.85814068484485,1.9201914862780656
2.873888016441791,1.9287612047105542
2.8896353480387322,1.936852641808148
2.9053826796356734,1.9444637911102611
2.9211300112326146,1.9515927652548712
2.936877342829556,1.958237796446534
2.952624674426497,1.9643972368947507
2.968372006023439,1.970069559222574
2.9841193376203803,1.975253356845359
2.9998666692173215,1.9799473443195568
3.0156140008142627,1.984150357661472
3.031361332411204,1.987861354635899
3.047108664008145,1.991079415014567
3.0628559956050863,1.9938037408043348
3.0786033272020283,1.9960336564450691
3.0943506587989695,1.9977686089771676
3.1100979903959107,1.9990081681786769
3.125845321992852,1.9997520266719764
3.141592653589793,2.0
