t1,t2,N_k,gap_error
1.0,0.5,3,0.732050807568877
1.0,0.5,4,0.0
1.0,0.5,5,0.3281310261040551
1.0,0.5,6,0.0
1.0,0.5,7,0.18157713603062042
1.0,0.5,8,0.0
1.0,0.5,16,0.0
1.0,0.5,17,0.03349291302088386
1.0,0.5,32,0.0
1.0,0.5,33,0.00901551509759324
1.0,0.5,64,0.0
0.5,1.0,3,0.732050807568877
0.5,1.0,4,0.0
0.5,1.0,5,0.3281310261040553
0.5,1.0,6,0.0
0.5,1.0,7,0.18157713603062042
0.5,1.0,8,0.0
0.5,1.0,16,0.0
0.5,1.0,17,0.033492913020884085
0.5,1.0,32,0.0
0.5,1.0,33,0.009015515097593463
0.5,1.0,64,0.0
1.0,0.95,3,1.8519221295943131
1.0,0.95,4,0.0
1.0,0.95,5,1.1089130832075562
1.0,0.95,6,0.0
1.0,0.95,7,0.7732906755150972
1.0,0.95,8,0.0
1.0,0.95,16,0.0
1.0,0.95,17,0.2733690431762474
1.0,0.95,32,0.0
1.0,0.95,33,0.11074484203547458
1.0,0.95,64,0.0
1.0,1.05,3,1.9518284528683183
1.0,1.05,4,0.0
1.0,1.05,5,1.170534236945405
1.0,1.05,6,0.0
1.0,1.05,7,0.8175301137399685
1.0,1.05,8,0.0
1.0,1.05,16,0.0
1.0,1.05,17,0.29118533031700605
1.0,1.05,32,0.0
1.0,1.05,33,0.11917082466899989
1.0,1.05,64,0.0
