t1,t2,N_k,winding,abs_zak_over_pi
1.0,0.5,3,0,0.0
1.0,0.5,4,0,0.0
1.0,0.5,5,0,0.0
1.0,0.5,6,0,9.825929615913802e-18
1.0,0.5,7,0,0.0
1.0,0.5,8,0,9.674994104126311e-18
1.0,0.5,16,0,1.857812601698957e-17
1.0,0.5,17,0,4.631540056114287e-17
1.0,0.5,32,0,4.9848894249598764e-17
1.0,0.5,33,0,2.7169520644708786e-17
1.0,0.5,64,0,1.342344533450914e-17
0.5,1.0,3,1,0.0
0.5,1.0,4,1,1.0
0.5,1.0,5,1,1.0
0.5,1.0,6,1,1.0
0.5,1.0,7,1,1.0
0.5,1.0,8,1,1.0
0.5,1.0,16,1,1.0
0.5,1.0,17,1,1.0
0.5,1.0,32,1,1.0
0.5,1.0,33,1,1.0
0.5,1.0,64,1,1.0
1.0,0.95,3,0,4.271659344299767e-17
1.0,0.95,4,0,0.0
1.0,0.95,5,0,4.128236224743816e-17
1.0,0.95,6,0,2.6092194072471515e-17
1.0,0.95,7,0,7.612486572732766e-17
1.0,0.95,8,0,5.452812259069146e-17
1.0,0.95,16,0,0.0
1.0,0.95,17,0,3.019321549461811e-16
1.0,0.95,32,0,8.1057515582712e-17
1.0,0.95,33,0,3.5674416889517674e-17
1.0,0.95,64,0,7.199938502208851e-17
1.0,1.05,3,0,2.6085729245490382e-17
1.0,1.05,4,1,0.9999999999999999
1.0,1.05,5,0,2.4539588174819165e-16
1.0,1.05,6,1,1.0
1.0,1.05,7,0,2.636025403431538e-16
1.0,1.05,8,1,1.0
1.0,1.05,16,1,1.0
1.0,1.05,17,1,0.9999999999999997
1.0,1.05,32,1,1.0
1.0,1.05,33,1,0.9999999999999997
1.0,1.05,64,1,1.0
