t1,t2,N_cells,min_abs_E
0.5,1.0,4,0.04739379387153708
0.5,1.0,6,0.011730942777578841
0.5,1.0,8,0.0029299446037952697
0.5,1.0,10,0.0007324269391567357
0.5,1.0,12,0.00018310556424697244
0.5,1.0,16,1.1444091827548965e-05
0.5,1.0,20,7.152557369066483e-07
0.5,1.0,30,6.984917748654827e-10
0.5,1.0,40,6.81977646409482e-13
0.8,1.0,4,0.20000000000000007
0.8,1.0,6,0.1096842547623683
0.8,1.0,8,0.06509901525884595
0.8,1.0,10,0.040115130841373366
0.8,1.0,12,0.025190449012125256
0.8,1.0,16,0.010174651773695226
0.8,1.0,20,0.004154144843450834
0.8,1.0,30,0.0004456653533914279
0.8,1.0,40,4.7852219481533746e-05
