k,E_numeric,E_analytic
0.0,-2.0,-2.0
0.3141592653589793,-1.9021130325903075,-1.902113032590307
-0.3141592653589793,-1.902113032590307,-1.902113032590307
0.6283185307179586,-1.6180339887498953,-1.618033988749895
-0.6283185307179586,-1.6180339887498947,-1.618033988749895
0.9424777960769379,-1.175570504584947,-1.1755705045849463
-0.9424777960769379,-1.175570504584946,-1.1755705045849463
1.2566370614359172,-0.6180339887498947,-0.6180339887498949
-1.2566370614359172,-0.6180339887498941,-0.6180339887498949
1.5707963267948966,-3.2216274987922997e-16,-1.2246467991473532e-16
-1.5707963267948966,-1.4042942988311088e-16,-1.2246467991473532e-16
1.8849555921538759,0.6180339887498946,0.6180339887498947
-1.8849555921538759,0.6180339887498951,0.6180339887498947
2.199114857512855,1.1755705045849465,1.175570504584946
-2.199114857512855,1.175570504584947,1.175570504584946
2.5132741228718345,1.6180339887498947,1.6180339887498947
-2.5132741228718345,1.618033988749895,1.6180339887498947
2.827433388230814,1.9021130325903062,1.902113032590307
-2.8274333882308142,1.9021130325903084,1.9021130325903073
3.141592653589793,2.0,2.0
