site,"density(t1=1.0,t2=0.5)","density(t1=0.5,t2=1.0)"
0,0.007108025384405539,0.7500000000192701
1,0.001849486784389061,1.5347723093241302e-12
2,0.01556113081336491,0.18750000000404998
3,0.007247842832306825,9.592326933262682e-12
4,0.026450268789110665,0.046875000000053166
5,0.015756937689996232,4.230216177563896e-11
6,0.038891677121822274,0.011718749999006108
7,0.026686173412829105,1.7326140523163594e-10
8,0.05187561139490313,0.0029296874987323343
9,0.03914853347874628,6.97128355076601e-10
10,0.06434829579880613,0.0007324218736609019
11,0.052132573028961224,2.7926036484590183e-09
12,0.07529744755170936,0.00018310546739229612
13,0.06458450770963733,1.1174506695478608e-08
14,0.08383443374700739,4.57763658249551e-05
15,0.0754937387860168,4.470211935188641e-08
16,0.08926639277974788,1.1444090433072522e-05
17,0.08397487331269046,1.7881257009442872e-07
18,0.09115246697869164,2.8610215850910726e-06
19,0.08933958260485794,7.152543730931395e-07
20,0.08933958260485797,7.152543730931397e-07
21,0.09115246697869167,2.8610215850910726e-06
22,0.08397487331269049,1.7881257009442874e-07
23,0.08926639277974785,1.1444090433072517e-05
24,0.0754937387860168,4.470211935188641e-08
25,0.08383443374700739,4.57763658249551e-05
26,0.06458450770963733,1.1174506695478608e-08
27,0.07529744755170936,0.00018310546739229612
28,0.052132573028961224,2.7926036484590183e-09
29,0.06434829579880613,0.0007324218736609019
30,0.03914853347874628,6.97128355076601e-10
31,0.05187561139490313,0.0029296874987323343
32,0.026686173412829105,1.7326140523163594e-10
33,0.038891677121822274,0.011718749999006108
34,0.015756937689996232,4.230216177563896e-11
35,0.026450268789110665,0.046875000000053166
36,0.007247842832306822,9.592326933262679e-12
37,0.015561130813364906,0.18750000000405004
38,0.001849486784389061,1.5347723093241225e-12
39,0.007108025384405539,0.7500000000192703
