t2,abs_zak_over_pi,winding
0.05,6.557234503709606e-18,0
0.1,1.0630120227893729e-17,0
0.15,8.76709635055079e-18,0
0.2,1.3531878438764255e-17,0
0.25,3.880657405848525e-17,0
0.3,2.5277634237858986e-17,0
0.35,2.9290732062312083e-17,0
0.39999999999999997,3.2893312300526645e-17,0
0.44999999999999996,1.437917407167092e-17,0
0.49999999999999994,6.418467088378971e-17,0
0.5499999999999999,8.138783585687009e-17,0
0.6,2.216395184445615e-18,0
0.65,1.9635566403126199e-16,0
0.7,6.665539342551063e-17,0
0.75,1.3469135178265385e-16,0
0.7999999999999999,2.55686410476816e-16,0
0.85,1.6609063968307103e-16,0
0.9,3.1745569816703566e-17,0
0.95,1.2158940424310248e-16,0
1.0499999999999998,0.9999999999999996,1
1.0999999999999999,0.9999999999999997,1
1.15,1.0,1
1.2,1.0,1
1.25,1.0,1
1.3,0.9999999999999997,1
1.3499999999999999,1.0,1
1.4,1.0,1
1.45,1.0,1
1.5,1.0,1
1.5499999999999998,1.0,1
1.5999999999999999,0.9999999999999999,1
1.65,0.9999999999999997,1
1.7,0.9999999999999999,1
1.75,0.9999999999999999,1
1.7999999999999998,1.0,1
1.8499999999999999,0.9999999999999999,1
1.9,1.0,1
1.95,1.0,1
2.0,0.9999999999999999,1
