t1,t2,N_cells,min_abs_E,E7_first_order,ratio
0.5,1.0,4,0.04739379387153708,0.046875,1.0110676025927912
0.5,1.0,6,0.011730942777578841,0.01171875,1.0010404503533945
0.5,1.0,8,0.0029299446037952697,0.0029296875,1.0000877580954521
0.5,1.0,10,0.0007324269391567357,0.000732421875,1.0000069142619965
0.5,1.0,12,0.00018310556424697244,0.00018310546875,1.0000005215407988
0.5,1.0,16,1.1444091827548965e-05,1.1444091796875e-05,1.000000002680332
0.5,1.0,20,7.152557369066483e-07,7.152557373046875e-07,0.9999999994435008
0.5,1.0,30,6.984917748654827e-10,6.984919309616089e-10,0.999999776524081
0.5,1.0,40,6.81977646409482e-13,6.821210263296962e-13,0.9997898028140466
0.8,1.0,4,0.20000000000000007,0.147456,1.356336805555556
0.8,1.0,6,0.1096842547623683,0.09437184,1.1622561853447841
0.8,1.0,8,0.06509901525884595,0.06039797760000001,1.0778343554809018
0.8,1.0,10,0.040115130841373366,0.038654705664000005,1.0377813037840173
0.8,1.0,12,0.025190449012125256,0.02473901162496001,1.0182479960804003
0.8,1.0,16,0.010174651773695226,0.010133099161583623,1.0041006814844107
0.8,1.0,20,0.004154144843450834,0.0041505174165846525,1.0008739697975213
0.8,1.0,30,0.0004456653533914279,0.0004456584141427375,1.0000155707790321
0.8,1.0,40,4.7852219481533746e-05,4.785220784825707e-05,1.0000002431084625
